"Position","Nucleotide","Pairing1","Pairing2","Pairing3","Pairing4","Pairing5","Pairing6","Pairing7","Pairing8","Pairing9","Pairing10","Pairing11","Pairing12","Pairing13","Pairing14","Pairing15","Pairing16","Pairing17","Pairing18","Pairing19","Pairing20","Pairing21","Pairing22","Pairing23","Pairing24","Pairing25","Pairing26","Pairing27","Pairing28"
1,"G","6:0.000538718","8:0.000132471","11:0.000262637","12:0.000692584","13:0.00779706","15:0.000168454","17:0.000136193","27:0.000156458","28:0.000213306","29:0.00150096","31:0.000754099","32:0.00317857","33:0.00278816","34:0.00306484","36:0.000893444","38:0.000115056","40:0.000265818","47:5.2087e-05","63:0.0016012","64:0.00153124","66:0.000144508","69:0.000171311","70:0.000354804","71:0.0039655","72:0.713914","","",""
2,"G","6:0.000110317","8:0.000134725","11:0.000934903","12:0.00886023","13:0.00292751","15:0.000141576","17:0.00015825","25:6.50547e-05","27:0.000366662","28:0.00161241","29:0.00153952","31:0.00461776","32:0.00490261","33:0.00487768","34:0.000641312","36:0.000434551","38:2.82414e-05","40:0.000313412","47:7.51391e-05","62:0.00176572","63:0.00210151","66:9.99272e-05","68:0.000123437","69:0.00047845","70:0.00309653","71:0.768141","72:0.0078555",""
3,"G","8:0.000182834","11:0.00931986","12:0.00325483","13:0.000846714","15:0.000126392","17:0.000351749","25:6.87353e-05","27:0.00168552","28:0.00160283","29:0.00131996","31:0.00589126","32:0.0063385","33:0.000726636","34:0.000630133","36:0.000215366","38:4.38169e-05","40:0.00113612","47:0.00011671","61:0.00174338","62:0.00223286","66:0.000111379","68:0.000249058","69:0.00291772","70:0.771904","71:0.00739132","72:0.00652283","",""
4,"G","8:1.88202e-05","11:0.00336201","12:0.000864409","13:0.00154154","17:8.29771e-05","20:7.89128e-05","25:5.54919e-05","27:0.00161602","28:0.00113669","29:0.0107849","31:0.00686927","32:0.000753842","33:0.000763692","34:0.00044832","36:0.000123713","40:0.000257038","47:0.000107188","60:0.00164334","61:0.00219835","66:7.89203e-05","68:0.00132381","69:0.786266","70:0.00212728","71:0.00659722","72:0.000256542","","",""
5,"A","6:8.05892e-05","8:0.000146993","12:0.00155659","15:0.00388747","17:0.000479814","20:0.000106703","28:0.0108815","32:0.000949696","33:0.000624087","38:0.0031183","59:0.00154819","60:0.00201907","68:0.779922","70:0.00543019","","","","","","","","","","","","","",""
6,"U","7:0.000196639","9:0.000126421","10:4.84176e-05","14:0.00598581","16:0.000713285","18:0.000640303","19:0.000114392","21:0.000151128","22:5.59129e-05","23:2.62037e-05","24:0.000119757","26:0.00121546","30:0.00231573","37:0.00433392","41:0.000345055","44:0.00015926","45:0.000179723","46:0.000159398","48:0.0146384","50:0.000618912","57:0.000104576","58:0.00120109","65:4.31985e-05","67:0.736976","73:0.000655293","","",""
7,"G","8:0.000202831","11:0.000113118","12:0.000133906","13:0.00650071","15:0.000870176","17:0.00240527","20:0.000284076","25:0.00132409","27:0.0313752","28:0.00107872","29:0.00553853","31:0.00130123","36:0.00494623","38:2.40766e-05","40:0.00132282","47:0.0287584","49:0.00218921","56:0.000308629","59:0.000169497","66:0.67111","68:0.000773244","69:0.000411548","71:0.000146423","72:0.000804611","","","",""
8,"U","9:0.000220638","14:0.000638735","16:0.00379414","18:0.000975031","19:0.000382908","21:0.00126727","22:0.00167737","23:0.000437506","24:0.00118745","26:0.0407722","30:0.00139327","35:0.00453949","37:0.000123739","39:0.00147194","41:0.000302188","42:0.000831693","43:0.000419002","44:0.00289926","45:0.00391416","46:0.0289456","48:0.00832725","50:0.000157852","57:0.000156209","58:0.000165131","65:0.323404","67:0.0010386","73:0.000121579",""
9,"A","12:0.00105119","15:0.00326831","17:0.00152833","20:0.00110186","28:0.00375307","32:0.00185435","33:9.12808e-05","34:0.00219642","38:0.000883818","55:0.00172521","59:8.01645e-05","60:6.83106e-05","64:0.173406","70:0.000283193","","","","","","","","","","","","","",""
10,"G","11:0.00178569","15:0.000608288","17:0.000559546","20:0.0121276","25:0.425617","27:0.00504129","29:9.08151e-05","31:0.0026163","33:0.000467505","36:0.0015767","38:6.27637e-05","40:0.00724943","47:0.0667238","49:0.00376013","54:0.00309921","56:0.000269976","60:0.0002583","61:0.000817582","62:0.00210379","63:0.119154","64:0.00220695","66:0.00143516","69:0.000181608","71:8.72239e-05","72:0.000192251","","",""
11,"C","18:0.00225805","19:0.0163049","22:0.00431441","24:0.476159","26:0.00492617","30:0.00246262","35:0.00159265","39:0.00698303","41:0.00162657","43:0.0903753","45:0.0579115","46:0.0537021","51:0.00134741","52:0.000378054","53:0.0061433","57:0.000384513","65:0.000788726","","","","","","","","","","",""
12,"U","16:0.00011168","18:0.00743968","19:0.00686038","21:0.00357567","22:0.000569344","23:0.480193","24:0.000384044","26:0.000107009","37:0.000273619","41:0.000137389","42:0.0983432","43:0.000348035","44:0.0633167","45:0.0324139","46:0.000845537","48:0.000237245","50:0.00109524","51:0.000361558","52:0.00598224","53:6.01448e-05","57:0.000142984","58:0.00562536","","","","","",""
13,"C","18:0.01543","19:0.00225651","22:0.462035","24:0.0039644","26:0.000705488","30:0.000138842","35:0.00164383","39:0.00619012","41:0.0973432","43:0.0626934","45:0.00172197","46:0.00033747","51:0.00568962","52:0.000128269","53:0.000159889","57:0.00574525","65:0.000237256","","","","","","","","","","",""
14,"A","15:0.000325315","17:0.010466","20:0.0135777","32:0.000103503","33:0.000219509","34:0.00185827","38:0.00698216","54:0.000613671","55:0.000314977","59:0.00645754","60:0.000626821","64:0.000259377","","","","","","","","","","","","","","","",""
15,"U","16:0.0108581","18:0.00204431","19:0.00688556","21:0.0340394","22:0.000927556","23:0.00185991","24:0.000680368","26:0.000373367","35:0.00374623","37:0.00508983","39:0.0844408","41:0.00826714","42:0.00396545","43:0.000427786","44:0.00095709","45:2.99886e-05","46:0.000144444","48:0.000383444","50:0.000449054","51:0.000157528","52:0.000101596","53:0.000563521","57:0.000419065","58:0.00586727","65:0.000157166","","",""
16,"A","17:0.00279764","20:0.0179741","32:0.000232082","33:0.000898756","34:0.00481648","38:0.0974203","54:0.00169159","55:0.000577435","59:0.00136796","60:0.000181846","64:0.000295695","68:0.000352006","","","","","","","","","","","","","","","",""
17,"U","18:0.00365552","19:0.00285721","21:0.000686541","22:0.00158991","23:0.000289615","24:0.000762936","26:0.000950191","35:0.0013018","37:0.100875","39:0.00804835","41:0.0013275","42:0.000625517","44:0.000219371","45:8.54172e-05","46:0.000124328","48:0.0025663","50:0.00595054","51:0.000672292","52:0.00026552","53:0.00186847","57:0.000970203","58:0.00116855","65:0.000144105","67:0.000585783","73:0.00470543","","",""
18,"G","20:1.80826e-05","25:0.00210756","27:0.0002722","28:0.00130374","29:0.000301201","31:0.000456065","32:0.0188651","33:0.000925254","34:0.00104764","36:0.0793517","38:0.00803829","40:0.00256066","47:0.00310648","49:0.0078737","54:0.000308193","55:0.000852387","56:0.00168348","59:0.000193328","60:0.000981908","61:0.000435516","62:0.00921323","63:0.00100802","64:0.000215985","66:0.000641137","69:0.000181086","70:0.000140902","71:0.000146683","72:0.00690383"
19,"G","20:0.000267673","25:0.00215375","27:0.00315858","28:0.000186089","29:0.00031909","31:0.0286254","32:0.00146091","33:0.000808213","34:0.00173531","36:0.104235","38:0.000520211","40:0.00340358","47:0.00402064","49:0.00631512","54:0.0015719","55:0.00121814","56:0.000751477","59:0.00222829","60:0.000321504","61:0.00997123","62:0.00204988","63:0.000179131","66:0.000295594","68:0.00018499","69:0.000140894","70:3.11658e-05","71:0.00637496","72:0.000538606"
20,"U","21:0.000260863","24:0.00109759","26:0.00244302","30:0.0240813","35:0.131818","37:0.000479147","39:0.003317","45:0.000154547","46:0.00364023","48:0.00595139","50:0.000631053","51:0.00264103","52:0.000429083","53:0.00147565","57:0.000444792","58:0.00304164","65:0.000166424","67:0.000189718","73:0.000153303","","","","","","","","",""
21,"A","28:0.00124799","32:0.00356891","33:0.00159798","34:0.140362","38:0.00223291","54:0.000141941","59:0.0033838","60:0.000297233","64:0.000180062","68:5.07422e-05","70:0.00459392","","","","","","","","","","","","","","","","",""
22,"G","27:0.00197167","28:0.000186242","29:0.0599977","31:0.00332574","32:0.000881866","33:0.164208","34:0.000898864","36:6.43283e-05","38:0.000160638","40:0.000232209","47:0.00748594","49:0.0315188","54:0.00011218","56:0.0155952","59:0.00015163","60:0.00040108","61:0.000680137","62:8.22619e-05","63:0.000147957","66:0.000485662","68:0.000175111","69:0.00614594","71:0.00224464","72:0.00017887","","","",""
23,"A","28:0.0619149","32:0.174657","33:0.0010757","54:0.000132747","55:0.0156742","59:0.00034748","60:0.000717755","68:0.00545311","70:0.00243395","","","","","","","","","","","","","","","","","","",""
24,"G","25:0.000656251","27:0.0594354","29:0.0032698","31:0.179405","32:0.000751171","33:0.000123467","36:0.00246097","38:0.000153445","40:0.00106269","47:0.0892356","49:0.00268695","54:0.0146187","56:0.00303096","59:0.000480015","61:6.85528e-05","62:0.000116337","66:0.00183417","69:0.00208392","71:0.000130463","72:0.00019294","","","","","","","",""
25,"C","26:0.0592575","30:0.166901","35:0.00273533","39:0.00121202","41:0.00200818","43:0.000542495","45:0.078476","46:0.0823914","51:0.000605747","52:0.000128914","53:0.013452","57:0.00103828","65:0.000905622","","","","","","","","","","","","","","",""
26,"G","27:0.00196018","29:0.0250882","31:0.000860367","34:0.00204647","36:0.00419247","38:0.000625215","40:0.00380559","47:0.0408073","49:0.00384735","54:0.00591794","56:0.0013302","59:0.000143491","60:0.00019237","61:0.000286777","62:0.000293728","63:0.000411175","64:0.000397976","66:0.00229308","69:8.6274e-05","71:0.00020805","72:0.000484288","","","","","","",""
27,"C","30:0.000188403","35:0.00476361","39:0.00389648","41:0.000193585","43:0.47125","45:0.0270648","46:0.0298149","51:0.00677586","52:0.00126126","53:0.00769558","57:0.000218179","65:0.000458341","","","","","","","","","","","","","","","",""
28,"U","37:0.000146125","42:0.529399","43:0.000388846","44:0.027741","45:0.0158889","46:0.00229575","48:0.000597998","50:0.00558035","51:0.000997599","52:0.00790086","58:0.00104802","","","","","","","","","","","","","","","","",""
29,"C","35:0.000228208","39:0.000445027","41:0.548694","43:0.0263657","45:0.00574904","46:0.000565983","51:0.00781129","52:6.34827e-05","53:0.000173301","57:0.00144473","65:0.000130609","","","","","","","","","","","","","","","","",""
30,"G","31:0.000220928","34:7.83578e-05","36:0.00294901","38:0.000761125","40:0.562671","47:0.0386885","49:0.000837862","54:0.00174493","56:0.00119063","66:0.000172157","72:0.000119347","","","","","","","","","","","","","","","","",""
31,"C","35:0.00241738","39:0.543712","41:0.00583513","43:0.0118147","45:0.00502603","46:0.0404865","51:0.000864759","52:0.000172995","53:0.00310759","65:0.000104036","","","","","","","","","","","","","","","","","",""
32,"U","37:0.0223012","39:0.0012489","41:0.000645906","42:0.0125649","43:0.00551571","44:0.00535372","45:0.0376863","48:0.000114638","50:0.00111054","51:0.000220329","52:0.00321245","","","","","","","","","","","","","","","","",""
33,"U","37:0.0147396","39:0.00118301","41:0.0110638","42:0.0143805","43:0.00488125","44:0.034163","45:0.000213448","46:6.7018e-05","48:3.30545e-05","50:0.000176284","51:0.00311016","52:5.0135e-05","","","","","","","","","","","","","","","",""
34,"U","35:0.000868559","37:0.0216483","39:0.000815809","41:0.0190101","42:0.00361266","43:0.0312611","44:0.000160556","45:0.000171795","48:0.00366302","50:0.00316879","51:9.70848e-05","67:0.000235621","73:0.000260044","","","","","","","","","","","","","","",""
35,"G","36:0.0261675","40:0.0375096","47:0.00500782","49:0.00325396","66:0.00030864","72:0.000394799","","","","","","","","","","","","","","","","","","","","","",""
36,"C","39:0.033708","41:0.00926004","43:0.000602253","45:0.00046964","46:0.00472474","51:9.86122e-05","65:0.000219874","","","","","","","","","","","","","","","","","","","","",""
37,"A","38:0.0335009","59:8.90456e-05","64:0.000163916","68:0.000226568","","","","","","","","","","","","","","","","","","","","","","","",""
38,"U","39:0.000304863","41:0.000157952","43:0.00054035","44:0.000457969","45:0.000398356","46:0.00031653","48:0.00747047","50:0.000343703","53:5.10477e-05","58:7.71284e-05","67:0.000368193","73:0.00471786","","","","","","","","","","","","","","","",""
39,"G","40:0.000709608","47:0.00981931","49:0.000535026","61:6.20596e-05","62:8.61734e-05","66:0.000370398","71:0.000171866","72:0.00653552","","","","","","","","","","","","","","","","","","","",""
40,"C","41:0.000139873","45:0.00300014","46:0.00835267","51:0.000140462","57:0.000666536","65:0.000236154","","","","","","","","","","","","","","","","","","","","","",""
41,"G","47:0.000381682","49:0.000287764","56:0.000953201","60:9.80571e-05","61:0.000200365","62:0.000122987","64:0.000115931","69:0.000223342","71:0.0353718","72:0.0042693","","","","","","","","","","","","","","","","","",""
42,"A","55:0.000901092","59:0.000124935","60:0.000202619","64:8.11219e-05","68:0.000233274","70:0.0382408","","","","","","","","","","","","","","","","","","","","","",""
43,"G","47:0.000176247","49:0.000479713","54:0.0007472","56:0.000751302","59:0.000150111","60:9.7353e-05","61:0.000643589","62:0.000171378","63:0.000233706","66:0.000156429","69:0.0398406","70:0.000119507","71:0.0715851","72:0.00111466","","","","","","","","","","","","","",""
44,"A","54:0.000130441","55:0.00106538","59:0.000328131","60:0.000875928","64:0.0019138","68:0.0381065","70:0.0823476","","","","","","","","","","","","","","","","","","","","",""
45,"G","47:0.000127606","49:0.00160938","54:0.00086417","55:0.00172822","56:0.0018901","59:0.000814319","60:0.000216454","61:0.00130802","62:0.00754602","63:0.00365229","64:0.000245385","66:0.00585219","68:0.00054308","69:0.087293","70:0.00151567","71:0.000901941","72:0.00231205","","","","","","","","","","",""
46,"G","47:0.00140638","49:0.000101272","54:0.00334686","55:0.00151243","56:0.00102309","59:0.000346996","60:0.00104107","61:0.00785648","62:0.00384421","63:0.000381757","64:0.000155251","66:0.0307642","68:0.0721586","69:0.00209325","70:0.000741255","71:0.00238138","72:0.000128612","","","","","","","","","","",""
47,"C","51:0.000310466","52:0.00161518","53:0.00322523","57:0.000871494","65:0.0255416","","","","","","","","","","","","","","","","","","","","","","",""
48,"A","54:0.000902053","55:0.000163272","59:0.00248308","60:0.000519257","64:0.014229","68:0.000857975","70:6.68652e-05","","","","","","","","","","","","","","","","","","","","",""
49,"C","53:0.00087513","57:0.00302519","65:0.546785","","","","","","","","","","","","","","","","","","","","","","","","",""
50,"A","55:0.000172064","59:0.000638392","60:0.000823837","64:0.687247","","","","","","","","","","","","","","","","","","","","","","","",""
51,"G","56:0.0069102","59:0.00112968","60:0.000490427","61:0.0046723","62:0.0213758","63:0.806681","64:0.00380817","72:4.4886e-05","","","","","","","","","","","","","","","","","","","",""
52,"G","55:0.00175772","56:0.00018077","59:0.00057064","60:0.00448","61:0.0222598","62:0.836284","63:0.00619796","64:0.000196528","71:3.29949e-05","72:7.22259e-05","","","","","","","","","","","","","","","","","",""
53,"G","54:0.00176682","59:0.00268354","60:0.0143135","61:0.833042","62:0.00686491","63:0.000367459","71:6.87651e-05","","","","","","","","","","","","","","","","","","","","",""
54,"U","57:0.000116237","58:0.00194111","","","","","","","","","","","","","","","","","","","","","","","","","",""
55,"U","57:0.000254896","58:0.0290184","","","","","","","","","","","","","","","","","","","","","","","","","",""
56,"C","57:0.0302271","","","","","","","","","","","","","","","","","","","","","","","","","","",""
57,"G","60:0.00132698","61:0.00015739","62:0.00114944","63:0.00017342","69:8.23997e-05","","","","","","","","","","","","","","","","","","","","","","",""
58,"A","59:0.00159075","60:9.31807e-05","68:0.00016088","","","","","","","","","","","","","","","","","","","","","","","","",""
59,"U","67:0.000157326","","","","","","","","","","","","","","","","","","","","","","","","","","",""
60,"U","","","","","","","","","","","","","","","","","","","","","","","","","","","",""
61,"C","","","","","","","","","","","","","","","","","","","","","","","","","","","",""
62,"C","","","","","","","","","","","","","","","","","","","","","","","","","","","",""
63,"C","","","","","","","","","","","","","","","","","","","","","","","","","","","",""
64,"U","73:4.55193e-05","","","","","","","","","","","","","","","","","","","","","","","","","","",""
65,"G","71:5.58645e-05","72:4.50872e-05","","","","","","","","","","","","","","","","","","","","","","","","","",""
66,"C","","","","","","","","","","","","","","","","","","","","","","","","","","","",""
67,"A","","","","","","","","","","","","","","","","","","","","","","","","","","","",""
68,"U","73:0.000133619","","","","","","","","","","","","","","","","","","","","","","","","","","",""
69,"C","","","","","","","","","","","","","","","","","","","","","","","","","","","",""
70,"U","","","","","","","","","","","","","","","","","","","","","","","","","","","",""
71,"C","","","","","","","","","","","","","","","","","","","","","","","","","","","",""
72,"C","","","","","","","","","","","","","","","","","","","","","","","","","","","",""
73,"A","","","","","","","","","","","","","","","","","","","","","","","","","","","",""
